baseline,test_coverage,denovo_coverage
sift,0.9698910954516335,0.037383177570093455
polyphen2,0.9698910954516335,0.037383177570093455
alphamissense,0.8562887038223361,0.018691588785046728
