source,slice,n,n_pos,roc_auc,roc_auc_ci_lo,roc_auc_ci_hi,pr_auc,pr_auc_ci_lo,pr_auc_ci_hi,brier,f1
denovo_db,full,642,498,0.5110929830432842,0.4551199631561046,0.5635761185126045,0.7895517937171731,0.7491003003658347,0.8295442886253145,0.4732632333397661,0.01593625498007968
denovo_db,family_holdout_only,201,161,0.5732919254658385,0.4755182468579058,0.6697436924720578,0.8375518006171565,0.7737709402582373,0.8965774828226605,0.4735194568867257,0.024539877300613498
