Split,threshold,roc_auc,pr_auc,accuracy,balanced_accuracy,precision,recall,f1,mcc,brier_loss,log_loss,tn,fp,fn,tp,support
Train,0.4600000000000001,0.9790507639624636,0.9762280701364834,0.921188577519936,0.9224968991500095,0.8943826525843537,0.9429753966429064,0.9180364566677327,0.8433391303220277,0.05686391706399306,0.19396753589860896,93625,10170,5208,86121,195124
Validation,0.4600000000000001,0.9551909951577587,0.94503333314354,0.879572142774096,0.8817997913705211,0.8388907874823024,0.9014269226733816,0.8690352762675433,0.7595195170243525,0.08332887230648423,0.2696817631222562,20643,3300,1879,17183,43005
Test,0.4600000000000001,0.9555577349028539,0.9552787189955472,0.882575171773855,0.8826800289911441,0.8705272255834053,0.8967635667542181,0.8834506501765235,0.7655321050201193,0.08333677577813929,0.27086878268231374,19804,2996,2319,20144,45263
