split,threshold,roc_auc,pr_auc,accuracy,balanced_accuracy,precision,recall,f1,mcc,brier_loss,log_loss,tn,fp,fn,tp,support,pathogenic_count,benign_count
train,0.6250000000000001,0.952867868355634,0.8578766385029879,0.8904341316287674,0.8798430599266,0.7366747425802543,0.8591105748006004,0.793195744623035,0.7231997912381817,0.08917010221485212,0.2851231876338188,94510,10434,4787,29190,138921,33977,104944
val,0.6250000000000001,0.9280834570397981,0.797960054633879,0.8690836568253855,0.846130919524918,0.6950382173856717,0.8023029759234336,0.744828543662363,0.6604536445056445,0.10360820537049088,0.32818908527099055,19038,2354,1322,5365,28079,6687,21392
test,0.6250000000000001,0.9380967947570363,0.8361148195039554,0.8808456117873158,0.8571303289674226,0.7414596273291926,0.809322033898305,0.7739059967585089,0.6944483989419897,0.09333979150152123,0.3009867802681566,19020,1998,1350,5730,28098,7080,21018
