eval_set,ECE,MCE
val_raw,0.054605445086966575,0.16695553108922434
val_calibrated,4.2487079691480167e-07,3.440096127516057e-06
test_raw,0.05397615462564582,0.16203187422770193
test_calibrated,0.010543196398709613,0.04792351476021406
