split,threshold,roc_auc,pr_auc,accuracy,balanced_accuracy,precision,recall,f1,mcc,brier_loss,log_loss,tn,fp,fn,tp,support,pathogenic_count,benign_count
train,0.4600000000000001,0.9723829226233384,0.9683306234542248,0.9063826079826162,0.9081901317353657,0.8727881298855031,0.9364823878505184,0.9035141002413865,0.8147204688375739,0.06581082914536203,0.21865715303719477,91329,12466,5801,85528,195124,91329,103795
val,0.4600000000000001,0.9546782525014941,0.9442457591604633,0.8792000930124404,0.8818399730994729,0.8359416638403023,0.9050991501416431,0.8691468728747387,0.7593577260106903,0.08387106801626495,0.27129939728800573,20557,3386,1809,17253,43005,19062,23943
test,0.4600000000000001,0.9545247838355628,0.9547140571760281,0.8798798135342333,0.880079602637007,0.8589257104308964,0.9069135912389262,0.8822675992291202,0.761015635187872,0.08438565381664866,0.27314946968543097,19454,3346,2091,20372,45263,22463,22800
